Insead,http://rankings.ft.com/businessschoolrankings/insead/global-mba-ranking-2017#global-mba-ranking-2017
Stanford Graduate School of Business,http://rankings.ft.com/businessschoolrankings/stanford-university-gsb/global-mba-ranking-2017#global-mba-ranking-2017
University of Pennsylvania: Wharton,http://rankings.ft.com/businessschoolrankings/university-of-pennsylvania-wharton/global-mba-ranking-2017#global-mba-ranking-2017
Harvard Business School,http://rankings.ft.com/businessschoolrankings/harvard-business-school/global-mba-ranking-2017#global-mba-ranking-2017
University of Cambridge: Judge,http://rankings.ft.com/businessschoolrankings/university-of-cambridge-judge/global-mba-ranking-2017#global-mba-ranking-2017
London Business School,http://rankings.ft.com/businessschoolrankings/london-business-school?mhq5j=e2
Columbia Business School,http://rankings.ft.com/businessschoolrankings/columbia-business-school/global-mba-ranking-2017#global-mba-ranking-2017
IE Business School,http://rankings.ft.com/businessschoolrankings/ie-business-school/global-mba-ranking-2017#global-mba-ranking-2017
University of Chicago: Booth,http://rankings.ft.com/businessschoolrankings/university-of-chicago-gsb/global-mba-ranking-2017#global-mba-ranking-2017
Iese Business School,http://rankings.ft.com/businessschoolrankings/iese-business-school/global-mba-ranking-2017#global-mba-ranking-2017
Ceibs,http://rankings.ft.com/businessschoolrankings/ceibs/global-mba-ranking-2017#global-mba-ranking-2017
Northwestern University: Kellogg,http://rankings.ft.com/businessschoolrankings/northwestern-university-kellogg/global-mba-ranking-2017#global-mba-ranking-2017
MIT: Sloan,http://rankings.ft.com/businessschoolrankings/mit-sloan/global-mba-ranking-2017#global-mba-ranking-2017
University of California at Berkeley: Haas,http://rankings.ft.com/businessschoolrankings/uc-berkeley-haas/global-mba-ranking-2017#global-mba-ranking-2017
HKUST Business School,http://rankings.ft.com/businessschoolrankings/hong-kong-ust/global-mba-ranking-2017#global-mba-ranking-2017
Yale School of Management,http://rankings.ft.com/businessschoolrankings/yale-school-of-management/global-mba-ranking-2017#global-mba-ranking-2017
Esade Business School,http://rankings.ft.com/businessschoolrankings/esade-business-school?mhq5j=e2
Dartmouth College: Tuck,http://rankings.ft.com/businessschoolrankings/dartmouth-college-tuck/global-mba-ranking-2017#global-mba-ranking-2017
New York University: Stern,http://rankings.ft.com/businessschoolrankings/new-york-university-stern/global-mba-ranking-2017#global-mba-ranking-2017
HEC Paris,http://rankings.ft.com/businessschoolrankings/hec-paris?mhq5j=e2
IMD,http://rankings.ft.com/businessschoolrankings/imd/global-mba-ranking-2017#global-mba-ranking-2017
SDA Bocconi,http://rankings.ft.com/businessschoolrankings/sda-bocconi/global-mba-ranking-2017#global-mba-ranking-2017
University of Michigan: Ross,http://rankings.ft.com/businessschoolrankings/university-of-michigan-ross/global-mba-ranking-2017#global-mba-ranking-2017
Duke University: Fuqua,http://rankings.ft.com/businessschoolrankings/duke-university-fuqua/global-mba-ranking-2017#global-mba-ranking-2017
Nanyang Business School,http://rankings.ft.com/businessschoolrankings/nanyang-business-school/global-mba-ranking-2017#global-mba-ranking-2017
National University of Singapore Business School,http://rankings.ft.com/businessschoolrankings/national-university-of-singapore/global-mba-ranking-2017#global-mba-ranking-2017
Cornell University: Johnson,http://rankings.ft.com/businessschoolrankings/cornell-university-johnson/global-mba-ranking-2017#global-mba-ranking-2017
Indian School of Business,http://rankings.ft.com/businessschoolrankings/indian-school-of-business/global-mba-ranking-2017#global-mba-ranking-2017
Indian Institute of Management Ahmedabad,http://rankings.ft.com/businessschoolrankings/indian-institute-of-management-ahmedabad-iima/global-mba-ranking-2017#global-mba-ranking-2017
Alliance Manchester Business School,http://rankings.ft.com/businessschoolrankings/manchester-business-school?mhq5j=e2
"Rotterdam School of Management, Erasmus University",http://rankings.ft.com/businessschoolrankings/rsm-erasmus-university?mhq5j=e2
UCLA: Anderson,http://rankings.ft.com/businessschoolrankings/ucla-anderson/global-mba-ranking-2017#global-mba-ranking-2017
University of Oxford: Sa√Ød,http://rankings.ft.com/businessschoolrankings/university-of-oxford-said?mhq5j=e2
Shanghai Jiao Tong University: Antai,http://rankings.ft.com/businessschoolrankings/shanghai-jiao-tong-university-acem/global-mba-ranking-2017#global-mba-ranking-2017
University of Virginia: Darden,http://rankings.ft.com/businessschoolrankings/university-of-virginia-darden/global-mba-ranking-2017#global-mba-ranking-2017
CUHK Business School,http://rankings.ft.com/businessschoolrankings/chinese-university-of-hong-kong?mhq5j=e2
City University: Cass,http://rankings.ft.com/businessschoolrankings/city-university-cass/global-mba-ranking-2017#global-mba-ranking-2017
Carnegie Mellon: Tepper,http://rankings.ft.com/businessschoolrankings/carnegie-mellon-tepper/global-mba-ranking-2017#global-mba-ranking-2017
University of Hong Kong,http://rankings.ft.com/businessschoolrankings/university-of-hong-kong/global-mba-ranking-2017#global-mba-ranking-2017
Georgetown University: McDonough,http://rankings.ft.com/businessschoolrankings/georgetown-university-mcdonough/global-mba-ranking-2017#global-mba-ranking-2017
University of Washington: Foster,http://rankings.ft.com/businessschoolrankings/university-of-washington-business-school/global-mba-ranking-2017#global-mba-ranking-2017
Lancaster University Management School,http://rankings.ft.com/businessschoolrankings/lancaster-university-management-school/global-mba-ranking-2017#global-mba-ranking-2017
University of North Carolina: Kenan-Flagler,http://rankings.ft.com/businessschoolrankings/university-of-north-carolina-kenan-flagler/global-mba-ranking-2017#global-mba-ranking-2017
Warwick Business School,http://rankings.ft.com/businessschoolrankings/warwick-business-school/global-mba-ranking-2017#global-mba-ranking-2017
Imperial College Business School,http://rankings.ft.com/businessschoolrankings/imperial-college-london?mhq5j=e2
University of Texas at Austin: McCombs,http://rankings.ft.com/businessschoolrankings/university-of-texas-at-austin-mccombs/global-mba-ranking-2017#global-mba-ranking-2017
Indiana University: Kelley,http://rankings.ft.com/businessschoolrankings/indiana-university-kelley/global-mba-ranking-2017#global-mba-ranking-2017
University of Southern California: Marshall,http://rankings.ft.com/businessschoolrankings/university-of-southern-california-marshall/global-mba-ranking-2017#global-mba-ranking-2017
Macquarie Graduate School of Management,http://rankings.ft.com/businessschoolrankings/macquarie-graduate-school-of-management/global-mba-ranking-2017#global-mba-ranking-2017
Indian Institute of Management Bangalore,http://rankings.ft.com/businessschoolrankings/indian-institute-of-management-bangalore-iimb/global-mba-ranking-2017#global-mba-ranking-2017
Emory University: Goizueta,http://rankings.ft.com/businessschoolrankings/emory-university-goizueta/global-mba-ranking-2017#global-mba-ranking-2017
University of Maryland: Smith,http://rankings.ft.com/businessschoolrankings/university-of-maryland-smith/global-mba-ranking-2017#global-mba-ranking-2017
Cranfield School of Management,http://rankings.ft.com/businessschoolrankings/cranfield-school-of-management?mhq5j=e2
Mannheim Business School,http://rankings.ft.com/businessschoolrankings/mannheim-business-school?mhq5j=e2
Sungkyunkwan University GSB,http://rankings.ft.com/businessschoolrankings/sunkyunkwan-university-gsb/global-mba-ranking-2017#global-mba-ranking-2017
AGSM at UNSW Business School,http://rankings.ft.com/businessschoolrankings/australian-graduate-school-of-management?mhq5j=e2
Arizona State University: Carey,http://rankings.ft.com/businessschoolrankings/arizona-state-university-carey/global-mba-ranking-2017#global-mba-ranking-2017
Michigan State University: Broad,http://rankings.ft.com/businessschoolrankings/michigan-state-university-broad/global-mba-ranking-2017#global-mba-ranking-2017
University of St Gallen,http://rankings.ft.com/businessschoolrankings/universitat-st-gallen/global-mba-ranking-2017#global-mba-ranking-2017
University of Notre Dame: Mendoza,http://rankings.ft.com/businessschoolrankings/university-of-notre-dame-mendoza/global-mba-ranking-2017#global-mba-ranking-2017
Georgia Institute of Technology: Scheller,http://rankings.ft.com/businessschoolrankings/georgia-institute-of-technology/global-mba-ranking-2017#global-mba-ranking-2017
University of California at Irvine: Merage,http://rankings.ft.com/businessschoolrankings/university-of-california-at-irvine-merage/global-mba-ranking-2017#global-mba-ranking-2017
Ohio State University: Fisher,http://rankings.ft.com/businessschoolrankings/ohio-state-university-fisher/global-mba-ranking-2017#global-mba-ranking-2017
Rice University: Jones,http://rankings.ft.com/businessschoolrankings/rice-university-jones/global-mba-ranking-2017#global-mba-ranking-2017
Brigham Young University: Marriott,http://rankings.ft.com/businessschoolrankings/brigham-young-university-marriott/global-mba-ranking-2017#global-mba-ranking-2017
University of Toronto: Rotman,http://rankings.ft.com/businessschoolrankings/university-of-toronto-rotman/global-mba-ranking-2017#global-mba-ranking-2017
Wisconsin School of Business,http://rankings.ft.com/businessschoolrankings/university-of-wisconsin-madison/global-mba-ranking-2017#global-mba-ranking-2017
Washington University: Olin,http://rankings.ft.com/businessschoolrankings/washington-university-olin/global-mba-ranking-2017#global-mba-ranking-2017
Purdue University: Krannert,http://rankings.ft.com/businessschoolrankings/purdue-university-krannert/global-mba-ranking-2017#global-mba-ranking-2017
Rutgers Business School,http://rankings.ft.com/businessschoolrankings/rutgers-business-school/global-mba-ranking-2017#global-mba-ranking-2017
The Lisbon MBA,http://rankings.ft.com/businessschoolrankings/the-lisbon-mba/global-mba-ranking-2017#global-mba-ranking-2017
ESMT Berlin,http://rankings.ft.com/businessschoolrankings/european-school-of-management-and-technology?mhq5j=e2
University College Dublin: Smurfit,http://rankings.ft.com/businessschoolrankings/university-college-dublin-smurfit/global-mba-ranking-2017#global-mba-ranking-2017
Edhec Business School,http://rankings.ft.com/businessschoolrankings/edhec-business-school/global-mba-ranking-2017#global-mba-ranking-2017
Durham University Business School,http://rankings.ft.com/businessschoolrankings/university-of-durham-business-school?mhq5j=e2
Melbourne Business School,http://rankings.ft.com/businessschoolrankings/melbourne-business-school/global-mba-ranking-2017#global-mba-ranking-2017
University of South Carolina: Moore,http://rankings.ft.com/businessschoolrankings/university-of-south-carolina-moore/global-mba-ranking-2017#global-mba-ranking-2017
University of Rochester: Simon,http://rankings.ft.com/businessschoolrankings/university-of-rochester-simon/global-mba-ranking-2017#global-mba-ranking-2017
Vanderbilt University: Owen,http://rankings.ft.com/businessschoolrankings/vanderbilt-university-owen/global-mba-ranking-2017#global-mba-ranking-2017
University of Strathclyde Business School,http://rankings.ft.com/businessschoolrankings/university-of-strathclyde-graduate-school-of-business?mhq5j=e2
Boston College: Carroll,http://rankings.ft.com/businessschoolrankings/boston-college/global-mba-ranking-2017#global-mba-ranking-2017
Boston University: Questrom,http://rankings.ft.com/businessschoolrankings/boston-university-school-of-management/global-mba-ranking-2017#global-mba-ranking-2017
University of Illinois at Urbana-Champaign,http://rankings.ft.com/businessschoolrankings/university-of-illinois-at-urbana-champaign/global-mba-ranking-2017#global-mba-ranking-2017
University of Iowa: Tippie,http://rankings.ft.com/businessschoolrankings/university-of-iowa-tippie/global-mba-ranking-2017#global-mba-ranking-2017
University of Pittsburgh: Katz,http://rankings.ft.com/businessschoolrankings/university-of-pittsburgh-katz/global-mba-ranking-2017#global-mba-ranking-2017
George Washington University,http://rankings.ft.com/businessschoolrankings/george-washington-university/global-mba-ranking-2017#global-mba-ranking-2017
Babson College: Olin,http://rankings.ft.com/businessschoolrankings/babson-college-olin/global-mba-ranking-2017#global-mba-ranking-2017
University of Minnesota: Carlson,http://rankings.ft.com/businessschoolrankings/university-of-minnesota-carlson/global-mba-ranking-2017#global-mba-ranking-2017
Incae Business School,http://rankings.ft.com/businessschoolrankings/incae/global-mba-ranking-2017#global-mba-ranking-2017
Pennsylvania State University: Smeal,http://rankings.ft.com/businessschoolrankings/pennsylvania-state-university-smeal/global-mba-ranking-2017#global-mba-ranking-2017
University of Edinburgh Business School,http://rankings.ft.com/businessschoolrankings/edinburgh-university-management-school/global-mba-ranking-2017#global-mba-ranking-2017
Grenoble Ecole de Management,http://rankings.ft.com/businessschoolrankings/grenoble-graduate-school-of-business/global-mba-ranking-2017#global-mba-ranking-2017
University of Texas at Dallas: Jindal,http://rankings.ft.com/businessschoolrankings/university-of-texas-at-dallas/global-mba-ranking-2017#global-mba-ranking-2017
Western University: Ivey,http://rankings.ft.com/businessschoolrankings/university-of-western-ontario-ivey/global-mba-ranking-2017#global-mba-ranking-2017
Indian Institute of Management Calcutta,http://rankings.ft.com/businessschoolrankings/indian-institute-of-management-calcutta/global-mba-ranking-2017#global-mba-ranking-2017
Temple University: Fox,http://rankings.ft.com/businessschoolrankings/temple-university-fox/global-mba-ranking-2017#global-mba-ranking-2017
Ipade Business School,http://rankings.ft.com/businessschoolrankings/ipade/global-mba-ranking-2017#global-mba-ranking-2017
Birmingham Business School,http://rankings.ft.com/businessschoolrankings/birmingham-business-school?mhq5j=e2
Vlerick Business School,http://rankings.ft.com/businessschoolrankings/vlerick-leuven-gent/global-mba-ranking-2017#global-mba-ranking-2017
Queen's University: Smith,http://rankings.ft.com/businessschoolrankings/queens-school-of-business/global-mba-ranking-2017#global-mba-ranking-2017
